{
  "loss": [
    1.1243449297450732,
    0.8257076355039071,
    0.732215383802853,
    0.6898780343474669,
    0.6896243989918354,
    0.6937153609906117,
    0.6973105491388253,
    0.6983460465156582,
    0.6961638339793859,
    0.6946224631115812,
    0.6948247958192504,
    0.6934957283709748,
    0.6933550095590172,
    0.6938775844581143,
    0.6935578161785922,
    0.6933001399017144,
    0.6931496562205903,
    0.6934325311153735,
    0.6926229620406553,
    0.6933127863720381
  ],
  "accuracy": [
    0.53,
    0.536875,
    0.533125,
    0.55375,
    0.53,
    0.51625,
    0.5,
    0.49375,
    0.496875,
    0.496875,
    0.496875,
    0.49625,
    0.495625,
    0.49625,
    0.4975,
    0.4975,
    0.499375,
    0.5025,
    0.503125,
    0.49
  ],
  "auc": [],
  "val_loss": [
    0.8541693833637138,
    0.7221517571097021,
    0.6793052996750859,
    0.6761443198033501,
    0.685638421791855,
    0.6939966051143776,
    0.6940181891817012,
    0.6958297769423913,
    0.6933703414828328,
    0.6938000762315858,
    0.6927112066133051,
    0.6921872019605554,
    0.6923087082432172,
    0.6927604499369869,
    0.6927368777426262,
    0.6926512942845474,
    0.6929065834710374,
    0.6923680913962241,
    0.6923747439344377,
    0.6930376253801093
  ],
  "val_accuracy": [
    0.4875,
    0.4875,
    0.4975,
    0.6525,
    0.51,
    0.5125,
    0.5125,
    0.5125,
    0.5125,
    0.5125,
    0.5125,
    0.5125,
    0.5125,
    0.5125,
    0.5125,
    0.5125,
    0.5125,
    0.5125,
    0.5125,
    0.5125
  ],
  "val_auc": [
    0.6249656035021889,
    0.6472795497185742,
    0.7050906816760475,
    0.7142213883677299,
    0.6692682926829269,
    0.5699562226391495,
    0.5339587242026267,
    0.28367729831144467,
    0.519724828017511,
    0.3589243277048155,
    0.5884177611006879,
    0.6922076297686054,
    0.742338961851157,
    0.520375234521576,
    0.5813133208255159,
    0.6082801751094434,
    0.4819512195121951,
    0.7220512820512821,
    0.6272420262664166,
    0.4874046278924328
  ]
}